{"cameraMode":{"drawMode":0,"name":"Shaded","section":"Shading Mode"},"sceneLighting":false,"audioPlay":false,"sceneViewState":{"showFog":true,"showMaterialUpdate":false,"showSkybox":true,"showFlares":true,"showImageEffects":true,"showParticleSystems":true},"in2DMode":false,"pivot":{"x":-462.6470947265625,"y":-61.912845611572269,"z":0.0},"rotation":{"x":0.13399159908294679,"y":-0.005945839453488588,"z":0.0008039400563575327,"w":0.9909643530845642},"size":594.7051391601563,"orthographic":true}