{"cameraMode":{"drawMode":0,"name":"Shaded","section":"Shading Mode"},"sceneLighting":false,"audioPlay":false,"sceneViewState":{"showFog":true,"showMaterialUpdate":false,"showSkybox":true,"showFlares":true,"showImageEffects":true,"showParticleSystems":true},"in2DMode":false,"pivot":{"x":-66.5,"y":0.04999999701976776,"z":1151.48681640625},"rotation":{"x":0.6995102167129517,"y":-0.01393191795796156,"z":0.01364169642329216,"w":0.7143566012382507},"size":1.025567650794983,"orthographic":true}