{"cameraMode":{"drawMode":0,"name":"Shaded","section":"Shading Mode"},"sceneLighting":false,"audioPlay":false,"sceneViewState":{"showFog":true,"showMaterialUpdate":false,"showSkybox":true,"showFlares":true,"showImageEffects":true,"showParticleSystems":true},"in2DMode":false,"pivot":{"x":14.784000396728516,"y":6.135297775268555,"z":-0.7000001668930054},"rotation":{"x":0.7100769281387329,"y":-0.0168931782245636,"z":0.017045237123966218,"w":0.7037150859832764},"size":5.785060405731201,"orthographic":true}