{"cameraMode":{"drawMode":0,"name":"Shaded","section":"Shading Mode"},"sceneLighting":false,"audioPlay":false,"sceneViewState":{"showFog":true,"showMaterialUpdate":false,"showSkybox":true,"showFlares":true,"showImageEffects":true,"showParticleSystems":true},"in2DMode":false,"pivot":{"x":9.109999656677246,"y":-3.67578125,"z":-1.3299999237060547},"rotation":{"x":0.5714260935783386,"y":-0.017230002209544183,"z":0.012002332136034966,"w":0.8203849196434021},"size":52.77564239501953,"orthographic":true}