{"cameraMode":{"drawMode":0,"name":"Shaded","section":"Shading Mode"},"sceneLighting":false,"audioPlay":false,"sceneViewState":{"showFog":true,"showMaterialUpdate":false,"showSkybox":true,"showFlares":true,"showImageEffects":true,"showParticleSystems":true},"in2DMode":false,"pivot":{"x":-66.5,"y":0.20000000298023225,"z":1151.48681640625},"rotation":{"x":0.39891043305397036,"y":-0.3473312556743622,"z":0.16649694740772248,"w":0.8321720361709595},"size":3.3370275497436525,"orthographic":true}