{"cameraMode":{"drawMode":0,"name":"Shaded","section":"Shading Mode"},"sceneLighting":false,"audioPlay":false,"sceneViewState":{"showFog":true,"showMaterialUpdate":false,"showSkybox":true,"showFlares":true,"showImageEffects":true,"showParticleSystems":true},"in2DMode":false,"pivot":{"x":-66.5,"y":0.20000000298023225,"z":1151.48681640625},"rotation":{"x":0.18095701932907105,"y":-0.42215678095817568,"z":0.08640998601913452,"w":0.8840653300285339},"size":13.401642799377442,"orthographic":true}