{"cameraMode":{"drawMode":0,"name":"Shaded","section":"Shading Mode"},"sceneLighting":false,"audioPlay":false,"sceneViewState":{"showFog":true,"showMaterialUpdate":false,"showSkybox":true,"showFlares":true,"showImageEffects":true,"showParticleSystems":true},"in2DMode":false,"pivot":{"x":-66.44921112060547,"y":0.09609254449605942,"z":1151.417236328125},"rotation":{"x":0.10135525465011597,"y":-0.6827137470245361,"z":0.7171608209609985,"w":0.0964856818318367},"size":6.846704006195068,"orthographic":true}