{"cameraMode":{"drawMode":0,"name":"Shaded","section":"Shading Mode"},"sceneLighting":true,"audioPlay":false,"sceneViewState":{"showFog":true,"showMaterialUpdate":false,"showSkybox":true,"showFlares":true,"showImageEffects":true,"showParticleSystems":true},"in2DMode":false,"pivot":{"x":6.236900329589844,"y":1.2109375,"z":-5.4365234375},"rotation":{"x":0.6689997911453247,"y":-0.006689045578241348,"z":0.006021175999194384,"w":0.7432081699371338},"size":18.941375732421876,"orthographic":true}